127;AlertManagerComponentShim
126;fl.controls.Button
125;Button_disabledSkin
123;Button_downSkin
121;Button_emphasizedSkin
119;Button_overSkin
117;Button_selectedDisabledSkin
115;Button_selectedDownSkin
113;Button_selectedOverSkin
111;Button_selectedUpSkin
109;Button_upSkin
107;fl.controls.TextArea
106;TextArea_upSkin
105;TextArea_disabledSkin
104;fl.controls.UIScrollBar
103;fl.controls.Label
102;fl.controls.ComboBox
101;ComboBox_downSkin
99;ComboBox_overSkin
97;ComboBox_disabledSkin
95;ComboBox_upSkin
93;fl.controls.List
92;fl.controls.ScrollBar
91;ScrollBar_thumbIcon
89;ScrollArrowUp_disabledSkin
87;ScrollArrowDown_disabledSkin
85;ScrollArrowDown_upSkin
83;ScrollThumb_upSkin
81;ScrollArrowUp_upSkin
79;ScrollArrowUp_overSkin
77;ScrollThumb_overSkin
75;ScrollArrowDown_overSkin
73;ScrollThumb_downSkin
71;ScrollArrowDown_downSkin
69;ScrollArrowUp_downSkin
66;ScrollTrack_skin
64;fl.controls.listClasses.CellRenderer
63;CellRenderer_selectedUpSkin
61;CellRenderer_selectedOverSkin
59;CellRenderer_selectedDownSkin
57;CellRenderer_selectedDisabledSkin
55;CellRenderer_overSkin
53;CellRenderer_downSkin
51;CellRenderer_disabledSkin
49;CellRenderer_upSkin
47;List_skin
45;fl.controls.NumericStepper
44;fl.controls.TextInput
43;TextInput_upSkin
41;TextInput_disabledSkin
39;NumericStepperUpArrow_upSkin
37;NumericStepperUpArrow_overSkin
35;NumericStepperUpArrow_downSkin
33;NumericStepperUpArrow_disabledSkin
31;NumericStepperDownArrow_upSkin
29;NumericStepperDownArrow_overSkin
27;NumericStepperDownArrow_downSkin
25;NumericStepperDownArrow_disabledSkin
22;focusRectSkin
20;fl.core.ComponentShim
17;Symbol1
16;Caret
14;dialogIcon
11;warningIcon
8;Background_skin
6;Title_skin
4;confirmationIcon
1;DeliveranceFloor
0;PV3DInteractive
